id,name,cdx_api
CC-MAIN-2025-51,December 2025 Index,https://index.commoncrawl.org/CC-MAIN-2025-51-index
CC-MAIN-2025-47,November 2025 Index,https://index.commoncrawl.org/CC-MAIN-2025-47-index
CC-MAIN-2025-43,October 2025 Index,https://index.commoncrawl.org/CC-MAIN-2025-43-index
CC-MAIN-2025-38,September 2025 Index,https://index.commoncrawl.org/CC-MAIN-2025-38-index
CC-MAIN-2025-33,August 2025 Index,https://index.commoncrawl.org/CC-MAIN-2025-33-index
CC-MAIN-2025-30,July 2025 Index,https://index.commoncrawl.org/CC-MAIN-2025-30-index
CC-MAIN-2025-26,June 2025 Index,https://index.commoncrawl.org/CC-MAIN-2025-26-index
CC-MAIN-2025-21,May 2025 Index,https://index.commoncrawl.org/CC-MAIN-2025-21-index
CC-MAIN-2025-18,April 2025 Index,https://index.commoncrawl.org/CC-MAIN-2025-18-index
CC-MAIN-2025-13,March 2025 Index,https://index.commoncrawl.org/CC-MAIN-2025-13-index
CC-MAIN-2025-08,February 2025 Index,https://index.commoncrawl.org/CC-MAIN-2025-08-index
CC-MAIN-2025-05,January 2025 Index,https://index.commoncrawl.org/CC-MAIN-2025-05-index
CC-MAIN-2024-51,December 2024 Index,https://index.commoncrawl.org/CC-MAIN-2024-51-index
CC-MAIN-2024-46,November 2024 Index,https://index.commoncrawl.org/CC-MAIN-2024-46-index
CC-MAIN-2024-42,October 2024 Index,https://index.commoncrawl.org/CC-MAIN-2024-42-index
CC-MAIN-2024-38,September 2024 Index,https://index.commoncrawl.org/CC-MAIN-2024-38-index
CC-MAIN-2024-33,August 2024 Index,https://index.commoncrawl.org/CC-MAIN-2024-33-index
CC-MAIN-2024-30,July 2024 Index,https://index.commoncrawl.org/CC-MAIN-2024-30-index
CC-MAIN-2024-26,June 2024 Index,https://index.commoncrawl.org/CC-MAIN-2024-26-index
CC-MAIN-2024-22,May 2024 Index,https://index.commoncrawl.org/CC-MAIN-2024-22-index
CC-MAIN-2024-18,April 2024 Index,https://index.commoncrawl.org/CC-MAIN-2024-18-index
CC-MAIN-2024-10,February/March 2024 Index,https://index.commoncrawl.org/CC-MAIN-2024-10-index
CC-MAIN-2023-50,November/December 2023 Index,https://index.commoncrawl.org/CC-MAIN-2023-50-index
CC-MAIN-2023-40,September/October 2023 Index,https://index.commoncrawl.org/CC-MAIN-2023-40-index
CC-MAIN-2023-23,May/June 2023 Index,https://index.commoncrawl.org/CC-MAIN-2023-23-index
CC-MAIN-2023-14,March/April 2023 Index,https://index.commoncrawl.org/CC-MAIN-2023-14-index
CC-MAIN-2023-06,January/February 2023 Index,https://index.commoncrawl.org/CC-MAIN-2023-06-index
CC-MAIN-2022-49,November/December 2022 Index,https://index.commoncrawl.org/CC-MAIN-2022-49-index
CC-MAIN-2022-40,September/October 2022 Index,https://index.commoncrawl.org/CC-MAIN-2022-40-index
CC-MAIN-2022-33,August 2022 Index,https://index.commoncrawl.org/CC-MAIN-2022-33-index
CC-MAIN-2022-27,June/July 2022 Index,https://index.commoncrawl.org/CC-MAIN-2022-27-index
CC-MAIN-2022-21,May 2022 Index,https://index.commoncrawl.org/CC-MAIN-2022-21-index
CC-MAIN-2022-05,January 2022 Index,https://index.commoncrawl.org/CC-MAIN-2022-05-index
CC-MAIN-2021-49,November/December 2021 Index,https://index.commoncrawl.org/CC-MAIN-2021-49-index
CC-MAIN-2021-43,October 2021 Index,https://index.commoncrawl.org/CC-MAIN-2021-43-index
CC-MAIN-2021-39,September 2021 Index,https://index.commoncrawl.org/CC-MAIN-2021-39-index
CC-MAIN-2021-31,July/August 2021 Index,https://index.commoncrawl.org/CC-MAIN-2021-31-index
CC-MAIN-2021-25,June 2021 Index,https://index.commoncrawl.org/CC-MAIN-2021-25-index
CC-MAIN-2021-21,May 2021 Index,https://index.commoncrawl.org/CC-MAIN-2021-21-index
CC-MAIN-2021-17,April 2021 Index,https://index.commoncrawl.org/CC-MAIN-2021-17-index
CC-MAIN-2021-10,February/March 2021 Index,https://index.commoncrawl.org/CC-MAIN-2021-10-index
CC-MAIN-2021-04,January 2021 Index,https://index.commoncrawl.org/CC-MAIN-2021-04-index
CC-MAIN-2020-50,November/December 2020 Index,https://index.commoncrawl.org/CC-MAIN-2020-50-index
CC-MAIN-2020-45,October 2020 Index,https://index.commoncrawl.org/CC-MAIN-2020-45-index
CC-MAIN-2020-40,September 2020 Index,https://index.commoncrawl.org/CC-MAIN-2020-40-index
CC-MAIN-2020-34,August 2020 Index,https://index.commoncrawl.org/CC-MAIN-2020-34-index
CC-MAIN-2020-29,July 2020 Index,https://index.commoncrawl.org/CC-MAIN-2020-29-index
CC-MAIN-2020-24,May/June 2020 Index,https://index.commoncrawl.org/CC-MAIN-2020-24-index
CC-MAIN-2020-16,March/April 2020 Index,https://index.commoncrawl.org/CC-MAIN-2020-16-index
CC-MAIN-2020-10,February 2020 Index,https://index.commoncrawl.org/CC-MAIN-2020-10-index
CC-MAIN-2020-05,January 2020 Index,https://index.commoncrawl.org/CC-MAIN-2020-05-index
CC-MAIN-2019-51,December 2019 Index,https://index.commoncrawl.org/CC-MAIN-2019-51-index
CC-MAIN-2019-47,November 2019 Index,https://index.commoncrawl.org/CC-MAIN-2019-47-index
CC-MAIN-2019-43,October 2019 Index,https://index.commoncrawl.org/CC-MAIN-2019-43-index
CC-MAIN-2019-39,September 2019 Index,https://index.commoncrawl.org/CC-MAIN-2019-39-index
CC-MAIN-2019-35,August 2019 Index,https://index.commoncrawl.org/CC-MAIN-2019-35-index
CC-MAIN-2019-30,July 2019 Index,https://index.commoncrawl.org/CC-MAIN-2019-30-index
CC-MAIN-2019-26,June 2019 Index,https://index.commoncrawl.org/CC-MAIN-2019-26-index
CC-MAIN-2019-22,May 2019 Index,https://index.commoncrawl.org/CC-MAIN-2019-22-index
CC-MAIN-2019-18,April 2019 Index,https://index.commoncrawl.org/CC-MAIN-2019-18-index
CC-MAIN-2019-13,March 2019 Index,https://index.commoncrawl.org/CC-MAIN-2019-13-index
CC-MAIN-2019-09,February 2019 Index,https://index.commoncrawl.org/CC-MAIN-2019-09-index
CC-MAIN-2019-04,January 2019 Index,https://index.commoncrawl.org/CC-MAIN-2019-04-index
CC-MAIN-2018-51,December 2018 Index,https://index.commoncrawl.org/CC-MAIN-2018-51-index
CC-MAIN-2018-47,November 2018 Index,https://index.commoncrawl.org/CC-MAIN-2018-47-index
CC-MAIN-2018-43,October 2018 Index,https://index.commoncrawl.org/CC-MAIN-2018-43-index
CC-MAIN-2018-39,September 2018 Index,https://index.commoncrawl.org/CC-MAIN-2018-39-index
CC-MAIN-2018-34,August 2018 Index,https://index.commoncrawl.org/CC-MAIN-2018-34-index
CC-MAIN-2018-30,July 2018 Index,https://index.commoncrawl.org/CC-MAIN-2018-30-index
CC-MAIN-2018-26,June 2018 Index,https://index.commoncrawl.org/CC-MAIN-2018-26-index
CC-MAIN-2018-22,May 2018 Index,https://index.commoncrawl.org/CC-MAIN-2018-22-index
CC-MAIN-2018-17,April 2018 Index,https://index.commoncrawl.org/CC-MAIN-2018-17-index
CC-MAIN-2018-13,March 2018 Index,https://index.commoncrawl.org/CC-MAIN-2018-13-index
CC-MAIN-2018-09,February 2018 Index,https://index.commoncrawl.org/CC-MAIN-2018-09-index
CC-MAIN-2018-05,January 2018 Index,https://index.commoncrawl.org/CC-MAIN-2018-05-index
CC-MAIN-2017-51,December 2017 Index,https://index.commoncrawl.org/CC-MAIN-2017-51-index
CC-MAIN-2017-47,November 2017 Index,https://index.commoncrawl.org/CC-MAIN-2017-47-index
CC-MAIN-2017-43,October 2017 Index,https://index.commoncrawl.org/CC-MAIN-2017-43-index
CC-MAIN-2017-39,September 2017 Index,https://index.commoncrawl.org/CC-MAIN-2017-39-index
CC-MAIN-2017-34,August 2017 Index,https://index.commoncrawl.org/CC-MAIN-2017-34-index
CC-MAIN-2017-30,July 2017 Index,https://index.commoncrawl.org/CC-MAIN-2017-30-index
CC-MAIN-2017-26,June 2017 Index,https://index.commoncrawl.org/CC-MAIN-2017-26-index
CC-MAIN-2017-22,May 2017 Index,https://index.commoncrawl.org/CC-MAIN-2017-22-index
CC-MAIN-2017-17,April 2017 Index,https://index.commoncrawl.org/CC-MAIN-2017-17-index
CC-MAIN-2017-13,March 2017 Index,https://index.commoncrawl.org/CC-MAIN-2017-13-index
CC-MAIN-2017-09,February 2017 Index,https://index.commoncrawl.org/CC-MAIN-2017-09-index
CC-MAIN-2017-04,January 2017 Index,https://index.commoncrawl.org/CC-MAIN-2017-04-index
CC-MAIN-2016-50,December 2016 Index,https://index.commoncrawl.org/CC-MAIN-2016-50-index
CC-MAIN-2016-44,October 2016 Index,https://index.commoncrawl.org/CC-MAIN-2016-44-index
CC-MAIN-2016-40,September 2016 Index,https://index.commoncrawl.org/CC-MAIN-2016-40-index
CC-MAIN-2016-36,August 2016 Index,https://index.commoncrawl.org/CC-MAIN-2016-36-index
CC-MAIN-2016-30,July 2016 Index,https://index.commoncrawl.org/CC-MAIN-2016-30-index
CC-MAIN-2016-26,June 2016 Index,https://index.commoncrawl.org/CC-MAIN-2016-26-index
CC-MAIN-2016-22,May 2016 Index,https://index.commoncrawl.org/CC-MAIN-2016-22-index
CC-MAIN-2016-18,April 2016 Index,https://index.commoncrawl.org/CC-MAIN-2016-18-index
CC-MAIN-2016-07,February 2016 Index,https://index.commoncrawl.org/CC-MAIN-2016-07-index
CC-MAIN-2015-48,November 2015 Index,https://index.commoncrawl.org/CC-MAIN-2015-48-index
CC-MAIN-2015-40,September 2015 Index,https://index.commoncrawl.org/CC-MAIN-2015-40-index
CC-MAIN-2015-35,August 2015 Index,https://index.commoncrawl.org/CC-MAIN-2015-35-index
CC-MAIN-2015-32,July 2015 Index,https://index.commoncrawl.org/CC-MAIN-2015-32-index
CC-MAIN-2015-27,June 2015 Index,https://index.commoncrawl.org/CC-MAIN-2015-27-index
CC-MAIN-2015-22,May 2015 Index,https://index.commoncrawl.org/CC-MAIN-2015-22-index
CC-MAIN-2015-18,April 2015 Index,https://index.commoncrawl.org/CC-MAIN-2015-18-index
CC-MAIN-2015-14,March 2015 Index,https://index.commoncrawl.org/CC-MAIN-2015-14-index
CC-MAIN-2015-11,February 2015 Index,https://index.commoncrawl.org/CC-MAIN-2015-11-index
CC-MAIN-2015-06,January 2015 Index,https://index.commoncrawl.org/CC-MAIN-2015-06-index
CC-MAIN-2014-52,December 2014 Index,https://index.commoncrawl.org/CC-MAIN-2014-52-index
CC-MAIN-2014-49,November 2014 Index,https://index.commoncrawl.org/CC-MAIN-2014-49-index
CC-MAIN-2014-42,October 2014 Index,https://index.commoncrawl.org/CC-MAIN-2014-42-index
CC-MAIN-2014-41,September 2014 Index,https://index.commoncrawl.org/CC-MAIN-2014-41-index
CC-MAIN-2014-35,August 2014 Index,https://index.commoncrawl.org/CC-MAIN-2014-35-index
CC-MAIN-2014-23,July 2014 Index,https://index.commoncrawl.org/CC-MAIN-2014-23-index
CC-MAIN-2014-15,April 2014 Index,https://index.commoncrawl.org/CC-MAIN-2014-15-index
CC-MAIN-2014-10,March 2014 Index,https://index.commoncrawl.org/CC-MAIN-2014-10-index
CC-MAIN-2013-48,Winter 2013 Index,https://index.commoncrawl.org/CC-MAIN-2013-48-index
CC-MAIN-2013-20,Summer 2013 Index,https://index.commoncrawl.org/CC-MAIN-2013-20-index
CC-MAIN-2012,2012 ARC Files Index,https://index.commoncrawl.org/CC-MAIN-2012-index
CC-MAIN-2009-2010,2009 - 2010 ARC Files Index,https://index.commoncrawl.org/CC-MAIN-2009-2010-index
CC-MAIN-2008-2009,2008 - 2009 ARC Files Index,https://index.commoncrawl.org/CC-MAIN-2008-2009-index
